CODE NAME,DESCRIPTION,EXAMPLE,
Accommodation,"Any adaptation to someone's job that must be approved by upper management. It must be an adaptation that comes from higher up in the organization. Outcomes encompass negative stigma or positive reactions to having an accommodation, to differentiate this from disclosure. It is possible to have an accommodation without disclosure. Also includes mentions of the word ""accommodation"" or managers ""being accommodating.""",,
Accommodation_NoDisclosure,"Someone seeks out accommodations without fully disclosing their status as having ADHD, or recommends/mentions this strategy. They may ask for some adaptation and say that it would help them work, for example, but not specify that this is because of ADHD.","""I would not tell them and just ask for some specific things because they help me focus, not because I have a mental disorder.""",
Accommodation_DifferentJobTasks,"When the accommodation is giving the person different responsibilities or tasks (could include more interesting tasks, etc). If it is also coded with SoftwareWorkActivity_Interviews, could indicate an alternate assessment type. ","""I have asked for a different kind of assessment. I told a company I was willing to send in a sample API I had done for another company. They accepted, but I didn’t get the job. I think you can try, but you’d be more successful doing what this poster recommends.""",
Accommodation_Process,When talking about the steps of getting an accommodation (not the process for reporting / or discrimination).,"""I most often see people try to manage
these issues on their own, then get put on a PIP and THEN decide to finally disclose to their employer and
get support they should have accessed much sooner. I've worked with large companies for years and I'm tired of seeing so many employees not advocate for themselves effectively.""",
Accommodation_Communication,"When the accommodation is meant to help improve explicit communication with co-workers or managers, e.g., communicating in a structured way or over text instead of in person.","""Alternative communication methods (example: Adopting “succinct”, “clear”, and “explicit” communication style in any conversations and emails with employee. Alternatively, provide lengthy and/or complex communication in written form.)""",
Accommodation_ShiftingDeadlines,Relaxing or shifting overall deadlines. Includes getting more time for things such as training or the like. Supercedes adjusted training.,"""It depends - is this part of formal training for a cert or to ramp up on a new product/program/etc? If so, it should be pretty easy to ask for an extension of the ramp up time.""",
Accommodation_Environment,"Adjusting the environment that someone works in in some way - this can include the environment in video calls (e.g., turning off your camera) or working from home / hybrid.","""Cubicle away from foot traffic for minimal distraction""",
Accommodation_AssistiveTech,"Objects that can be given to employees for support (i.e., a physically-visible object). ","""I even offered to bring in my gaming pc to use instead but they wouldn’t let me.""",
Accommodation_Personnel,"When support from a person (a therapist, job coach, translator, etc.) is given to someone as an accommodation.","""If your company will pay for job coaching as an accommodation, it's almost always the best way to go because a job coach will partner with you to co-design new tools/strategies for task initiation that
are tailored for you.""",
Accommodation_AdjustedTrainingMaterials,"Additional training materials or adjusted training / onboarding (if it is just additional time, it is shifted deadlines)","""Instead of asking for an extension of time,
I would probably recommend asking for access to additional training resources in accessible formats.""",
Accommodation_AdditionalNotes,More documentation or additional note taking for a task they need to do. Includes written write ups of things that wouldn't normally be written up and recorded meetings.,"""Written recaps after 1:1 detailing action items, expectations, and deadlines""",
Accommodation_OriginOfIdea_HigherUp,The idea for someone's specific accommodation comes from someone higher up in their organization.,"""She'd assign me to less time-sensitive work.""",
Accommodation_Unaware,"When the poster is not aware either that accommodations are possible, or what accommodations exist.","""I can’t imagine what kind of accommodations can be provided.""",
Accommodation_Other,Any other kind of accommodation.,"""Advanced noticed of public speaking expectations""",
Accommodation_Unhelpful,If the accommodation is found to be unhelpful.,"""gave me stapler and post-it notes so I could be more
organized and make to-do lists"". Lol. How is that supposed to help me as a software engineer?""",
Accommodation_Mixed,If the accommodation is found to be of mixed benefit.,,
Accommodation_Unlikely,If someone reports a specific accommodation is unlikely to happen or hard to get.,"""For example, employees will ask for things like extra time to complete work or reduced workload and these are \*never\* considered reasonable accommodations.""",
Accommodation_Likely,If someone reports that a specific accommodation is likely to happen or easy to get.,"""The good news is that testing and certifications are one of the only times that ""additional time"" is considered a reasonable accommodation. Usually it's not considered reasonable to get extra time to complete work, but it is considered reasonable to get extra time for training or certifications.""",
Accommodation_Reception,The hypothetical or real opinions or reactions of others to an accommodation someone received or asked for.,"""How an employer reacts to accommodations can tell you a lot about the company.""",
Accommodation_Status_Denied,"Accommodation(s) have been denied to someone, or were never received by someone.","""He said that he'd give me a summary after every meeting instead. Never did.""",
Accommodation_Status_Desired,Accommodation(s) are desired by someone or were asked for by someone.,""">• Extra time for learning new information
How do you swing this? The project I'm on is severely behind schedule because the learning curve for me has been treacherous.""",
Accommodation_Status_Granted,Accommodation(s) were granted to someone.,"""Instead of being given a huge and dry book, they paid for a  more interactive online course.""",
Accommodation_Structure_Feedback,"Adjusting the feedback someone receives from upper management, or adjusting how it is delivered.","""Alternative supervisory methods (example: supervisor provides feedback using Start, Stop, Continue method to ensure feedback is clear and actionable)""",
Accommodation_Structure_Schedule,"Adjusting the schedule someone has (e.g., meetings are only scheduled for them on Mondays). This includes adjusting total working hours.","""No more than 2 hours of b2b meetings""",
Accommodation_Structure_IncrementalDeadlines,When more deadlines or internal structure are added to a project.,"""For task initiation, it would really depend on what's causing the problem. For example, I see a lot of people who struggle with driving progress on long-term projects when they don't have clear milestones or accountability. If that's the case, then asking for an accommodation for more structured work might be helpful.""",
Accommodation_BossSupport,"When someone asks for assistance with a given strategy someone is employing (an assisted coping mechanism/strategy). The contribution of the granter of the accommodation may be ambiguous -- can be encouragement, reminders, etc.","""I told my boss that I sometimes have a hard time getting started and that I sometimes need a little push with that. I’m basically just trying to explain the minor ways he can support me.""",
ADHDPerceptions,"An opinion about how people with ADHD behave (maybe in contrast to others), what they can do, whether ADHD helps or hurts overall or in software engineering particularly, or a work impact that someone is speculating about generally. If the quote includes their own experience as supporting evidence, it should be tagged under WorkImpacts. Includes quotes where someone thinks something would affect neurotypical people or other people as well (must be a comparison to ADHD’ers). Also includes ideas about ADHD generally – is it a mental illness, a disability, a superpower, etc.",,
ADHDPerceptions_Negative,"When the perception of ADHD is negative, or that it affects work negatively for most.","""This might be true, but I would caution that I'm pretty sure I know more than most of my colleagues, but still feel like I don't know enough. And even when I absolutely do know enough, getting started doing it remains impossible. I think that's fairly typical with ADHD.""",
ADHDPerceptions_Positive,"When the perception of ADHD is positive, or that it affects work postively.","""Look on the bright side....ADHD primes you for learning new things!
The question is...does whatever they're going to ask you to do sound interesting for you to learn? If yes, you'll soak it up...""",
ADHDPerceptions_Mixed,"When the perception of ADHD is somewhat positive, somewhat negative (both facets must be mentioned).","""You're not ""dumb"" you just need extra help to manifest your intelligence. Medication is one kind of help, and once you're able to get some, you really should try again with the whole office job thing.""",
ADHDPerceptions_Neutral,"When the perception is not about how ADHD affects things, or is anything else. For example, how many people they think have ADHD in software, what diagnoses people think coexist with ADHD, etc. Or: anything where there is no explicit positive or negative connotation. ","""One thing I learned is that a huge number of us in co-development world that have similar neuro atypical conditions so what that means is that the very experienced interviewers in this realm, including myself, know comes with the territory""",
CopingMech,"A strategy someone uses to deal with an adverse effect at work. Does not necessarily have to be mentioned as a coping mechanism explicitly for ADHD. Includes context of a strategy/coping mechanism, like why it works. Also includes using medications to aid a specific work task. Includes coping mechanisms that someone has tried, but hasn’t worked for them.",,
CopingMech_AdjustStimuliForFocus,"Adjusting stimulation someone uses in order to focus (e.g., using stim toys, games, music, etc.) or adjusting environment or using something to remove or block out things that might distract someone (either virtually or physically). This includes things like fidget spinners or noise cancelling headphones.","""I have a few songs that I listen to that 'get me in the groove'. In fact, I really think they help me hyperfocus. And when it works, it WORKS. Like a gaddam superpower.""",
CopingMech_BuiltTool,When someone built their own tool to assist with some coping mechanism.,"""I wrote a small and simple **program to take screenshots** of my two screens at a set interval, like every 10 or 15 minutes. It literally consisted of a start and stop button, so at the beginning of the day I would
hit start and stop when I'm finished working for the day or it's time for bed. I could identify what was on my screens at the time, even if it was an app, game, netflix, chat window, or whatever. There are plenty of downloadable options on the internet, but it really is very easy to write and I wrote my own so there'd be no safety concerns.""",
CopingMech_BetterFitJob,When someone is talking about choosing a job specifically to meet some of their needs (whether they would need to leave their current job or are not in the industry currently). ,"""I'm just thinking about leaving now. Which kind of sucks. I'm not willing to cancel and change my
plans for this job.""",
CopingMech_BodyDoubling,When someone uses the presence of someone else to encourage them to or help them do work. This can be in the form of coworking or generally being held accountable by another person.,"""I usually can find a coworker that I
talk to in order to ""bounce ideas off of"" (talking through problems with someone that can keep up is amazing)""",
CopingMech_ChooseProgrammingTool,"When someone chooses a programming tool (e.g., language, IDE, design pattern, etc.) because it ameliorates a specific work challenge or structures a programming task better. ","""I switched away from compile time languages for this reason. It killed me waiting for even small programs to compile. Python is just fantastic.
Go is also great for low compile time, if you want something a bit faster.
Rust seems like it has shorter compile times, but I've only run small programs on it so far.""",
CopingMech_Communication,"Communicating with others more, or in a different way, to finish a task, get information, improve relationships regarding work, ask for help, tell others what you need, etc.","""The other guy will push me through the validation process which I loathe, since I hate finishing projects and only complete them to 80% most of the time.""",
CopingMech_FTheSystem,"When someone does something in an unintended way or against the wishes of supervisors -- or the law -- to get around certain challenges (e.g., not working on the clock, cheating on interviews, getting medication from someone else without a prescriber, etc.). ","""If you're reasonably confident you're going to leave the current job, slacking off is a good risk vs reward.""",
CopingMech_Medication,"Taking prescribed substances with the explicit goal of improving work, or mention of medication affecting work.","""Within the first week of me taking the meds, I branched out, trying (successfully) to write an API in C# (I've been front-
end my entire career).""",
CopingMech_Medication_SelfRegulation,"Regulating usage of medication, often in the case of side effects, drug tests, or the perception of being better at a certain task without medication. ","""Never, I don’t ever mention it, and I stop taking the meds before the drug test. I can do the job just fine so it’s not necessary to risk it like that""",
CopingMech_Novelty,When someone specifically uses the novelty of a task or job to keep their interest or motivation going to complete it.,"""What does help *a lot* is novelty. Which is one of the bigger factors for me to switch careers into programming, because it seems like there is tons of novelty in the form of constantly learning. I'd love to be able to last a full year before burnout hits. Right now I'm like 3 months (shit call center jobs) before i crash.""",
CopingMech_Mindset,"Changing thinking or self-talk to help with work outcomes. (Includes lots of ""hand-wavey"" things.)","""I absolutely agree, when you're starting out use the excitement and the novelty of the job to get shit done, you will eventually get bored of it."" ""Use nervous energy to do it""",
CopingMech_Mixed,The opinion of a coping mechanism is mixed (has some positive and negative effects).,"""Maybe  you can spend some time in a conference room when its empty (but this makes you stand out. Not sure this is  a good idea.)""",
CopingMech_Other,Any other coping mechanism.,"""My approach to this issue is to manage my projects with Kanban boards Trello works
well for my purposes.""",
CopingMech_Practice,"When suggesting that the person practice the task more often, or do more research to learn about what to expect. [does NOT mention using energy or novelty of tasks, that would be mindset]","""Practice problems. Have a friend help you out.""",
CopingMech_Prioritize,When someone sets an order of doing things or stops in the face of diminishing returns to avoid getting lost in the weeds or to understand a problem better.,"""Don't let yourself struggle for 45 minutes if you're not making progress toward a solution. Typically,
45 minutes is what you have to do the whole problem in an interview setting. You want to be on your way to a solution in 20 minutes or less. If you're still struggling after 20 minutes, then look at the solutions.""",
CopingMech_Procedure,A list of steps someone takes that helps them stay focused/be more productive when completing a task. This includes todo lists.,"""My psychiatrist today suggested coming up with a  system for reviews so at least I have a checklist to go down when I open a PR up, to hopefully make the task  less daunting.""",
CopingMech_ProfessionalHelp,"When someone gets help from a professional, such as a therapist or job coach.","""Things started turning around when I finally started going to therapy...""",
CopingMech_Reception,When someone describes others' real or potential reactions to a coping mechanism that they or someone else has used.,"""I work mornings. I’m up at 4-4:30am and working by 5. Finish my day around 3. Suits me really well and my company has been happy with it.""",
CopingMech_RecordMeeting,When recording a meeting or listening back to a recording of a meeting,"""I listen back through the recordings at 1.5 speed after the meetings and either work as I listen to them (e.g. if the meeting was about giving me a task & instructions to complete the
task, I listen as I complete the instructions) or take notes from the recording to revisit later. Then I
delete the recordings.""",
CopingMech_RecreationalSubstances,Taking substances that are not prescribed.,"""The (terrible) habit I’ve developed is smoking a cigarette in the morning. I literally can’t function before I do that and I hate myself for it""",
CopingMech_SelfHelpResource,"When someone names a specific or generic self help resource, such as a YouTube channel or book, that they look to for help.","""I also recommend listening to ADHD podcasts like 'Taking Control with ADHD'.""",
CopingMech_SideProjects,"Having another, smaller task that is appropriate for the situation (e.g., because they don't have a lot of time to work on something and don't want to waste it, because they're not fully focused and better prepared for admin work, etc.). These tend to be efficient or productive uses of time that aren't necessarily on the ""critical path"" of work.","""Know that if you didn't have enough sleep, you will not be able to concentrate on fixing bugs. And learn to switch to another task that comes easy to you and doesn't need you to force yourself.""",
CopingMech_SupportGroups,"When mentioning a support group specifically geared toward neurodivergent or disabled programmers (uncommon -- we only saw one instance of this, and none in the workplace).","""I would encourage you to look for a CHADD group sessions in your area. It is free and they will provide you the support you need right now and be a very helpful resource for more help. You can try and look for local CHADD group""",
CopingMech_SwitchJobs,Switching to another job that may have an environment that works for someone better than their current one.,"""My solution with an open office job was to leave and to working remote full time ...""",
CopingMech_TakeControl,When someone becomes a leader in a situation to guide it at a high level.,"""I try to be the one running meetings whenever possible, which forces me to stay engaged. I find I’m pretty good at keeping things on track after years of learning to rein in my own wandering mind.""",
CopingMech_TakeNotes,"Any kind of note-taking (e.g., taking meeting minutes). This also includes journaling / after the fact retrospectives. Any time that you write up something. This code has lower precedence than other, more specific codes (such as procedure or time_other). ","""The best advice I can give you is to try to write down your current thoughts on the topic, and put it down
for the night. You don’t have to solve everything all in one day, and there’s always tomorrow.""",
CopingMech_TaskChunking,Breaking up a task into more easily completable chunks. Should supercede take notes.,"""Bullet Journaling has helped me a lot in this. Even without going full BuJo you can use todo lists and outline a task into its parts. Think of this like completing code with todo objects. Fill in the highest
level of goals and then figure out what needs to be done for that to be considered complete. Agile practice pivots largely on a ""definition of done"" and if you can define what it means for each task to be ""done"" then you have a clearer view of what needs to be completed to achieve that. Think of it like outlining (if that helps).
After you can see what smaller tasks are a part of the bigger task then it is much easier to estimate the time.""",
CopingMech_TaskVisualization,"Drawing out a task, on paper or virtually, to understand how it works better. This includes diagrams, but not mentally envisioning something.","""Scribble diagrams on the notes app to organize my thoughts""",
CopingMech_Time_Deadlines,"Using deadlines, whether ""real"" or self-imposed, to more easily get work done. Includes timers (that are not used for Pomodoro)!","""'I’m going
to fix this fucking thing by 11:30' then try and do it.""",
CopingMech_Time_Other,"Any other coping mechanism involving how employees use or manage their time, including tracking what you were doing at a given time or reminders.","""I use the timetracker app on a nextcloud install. It's got some rough edges but it's simple and I just leave it open in a pinned browser on one of my screens. When I start something, I go to it and enter a title, click play and assign it to a project, when I finish I go back and stop it and add some details about what I did. It's got a reporting feature that exports to CSV, so it's entirely useful.""",
CopingMech_Time_Pomodoro,"Specific mentions of the pomodoro technique, which involves setting time aside to work and injects breaks at regular intervals. Tomato timer is the same thing.","""Have you tried the pomodoro technique? It works pretty well for me.
25 min work, the timer rings, 5 minutes mandatory break, the timer rings, ect.""",
CopingMech_Time_Reminders,Setting (usually timed) reminders to do certain tasks.,"""...the repeated daily alarms are a godsend. It's honestly my biggest ADHD hack ever, and I wish more people would try it!""",
CopingMech_Time_Schedule,"Work hours someone keeps that help them stay productive, including time blocking.","""I work mornings. I’m up at 4-4:30am and working by 5. Finish my day around 3. Suits me really well and my company has been happy with it.""",
CopingMech_Time_Tracking,"When someone uses a strategy centered around time tracking, whether for their own purposes or for loggable hours.","""By recording and charting it, I could see a tangible measure of the work I put in. I felt good about that, so I kept doing it for myself...and then one day I had
to defend my time, and this log told me everything I needed to know. It also became super handy when I started invoicing. It's become an integrated part of my process, now, and it's saved me several times.""",
CopingMech_Unhelpful,"The opinion of a coping mechanism is that it is not useful, or only has negative effects.","""Anything that I have to set manually (like a Pomodoro timer) just fails for me""",
CopingMech_Wellness_Diet,"Any kind of diet that could improve wellness for someone (e.g., drinking more water, cutting out certain food groups, etc.). Includes anything you put into your mouth that's not prescribed medications.","""Eat and drink to keep hydrated and keep your brain fed especially in the afternoon. Skip the junk snacks and go for fresh fruit.""",
CopingMech_Wellness_Exercise,Exercising to improve wellness/efficacy. ,"""Working out is a great stress reliever and will help with sleep. You’ll be too exhausted to think about work.""",
CopingMech_Wellness_Meditation,Meditating to improve wellness/efficacy. ,"""Or count a few breaths like a micro meditation session.
It gives me just enough time to be more rational and deliberate about what I do next. Is this actually taking too long, or am I just getting impatient?""",
CopingMech_Wellness_Other,Any other strategy centered around wellness in some capacity.,"""cold water bath""",
CopingMech_Wellness_Sleep,"Any sleep schedule that could improve wellness or efficacy for someone (e.g., sleeping at ""the right time,"" sleeping ""enough,"" etc.).","""...getting good sleep at night are what's winning the marathon.""",
CopingMech_Wellness_SocialInteraction,Socializing with others for wellness reasons.,"""Furthermore it may help to get with a group with people.""",
CopingMech_WorkLifeBalance_Hobbies,Engaging in hobbies (not related to work or improving hireability).,"""You must find activities to relax, something that puts your head away from work. It could be reading a nice book, playing games, having a date, going out with friends. Maybe you'll have thoughts and your work, but just let it go""",
CopingMech_WorkLifeBalance_Other,Any other approach that aims to help with work-life balance (usually not overworking oneself). This can include mindsets or attitudes.,"""Slowly over the years, mainly through realising life is too short to be taking work home with me and worrying about it I’ve adopted the healthy attitude of leaving work at work.""",
CopingMech_WorkLifeBalance_TakeBreaks,"Taking breaks away from work, not in the context of the pomodoro method. ","""...get up and take ALL the
breaks you’re supposed to and take a break when spinning your wheels...""",
Disclosure,Explicitly telling someone else that you have ADHD or another condition. Includes telling someone for the purposes of receiving accommodations. Includes hypothetical negative/neutral/positive outcomes as well as actual ones.,,
Disclosure_ActualNegativeOutcome,A real example of something negative happening after someone discloses.,"""I self identified and was treated differently from the minute I said something after several years of being a top performer. Then came a bad review that was never communicated to me.""",
Disclosure_ActualMixedOutcome,An example of an outcome where the result has some negative and some positive parts.,"""She said she didn't know much about ADHD, but thanked me for telling her and that it helped her understand a lot about my lack of performance
lately and how long it's been taking me to finish my tickets.""",
Disclosure_ActualNeutralOutcome,An example of an outcome where the result is not negative or positive.,"""So far I have not had any negative reactions to my ADHD. But
I’m a pretty transparent person who is pushing for a more open society where everyone is welcome.""",
Disclosure_ActualPositiveOutcome,A real example of something positive happening after someone discloses.,"""I've received full support from my managers in my accommodation requests and disability needs, with no pushback or potential for discrimination.""",
Disclosure_AdviceNotToDisclose,"A quote that recommends someone, or one generally, not to disclose.","""Pro tip, it’s not a good idea to mention ADHD to co-workers/managers, most people don’t have a good understand of how it affects people differently . Assume whatever you tell privately your coworkers, might be casually shared/mentioned with others.""",
Disclosure_AdviceToDisclose,"A quote that recommends someone, or one generally, to disclose.","""IMO probably better to mention it now, inatead of when it becomes a problem accomodations are way wasier to make in the beginning than onces you are wsrablished and having issues.""",
Disclosure_AdviceMixed,"A quote that recommends someone, or one generally, to disclose or not based on situations (real or hypothetical).","""Once you've hit a home run, and your employers pave your road with gold, feel free to brag a bit about how it was 10 times harder because ADHD, but even then, you don't have to do anything you don't want to.""",
Disclosure_HypotheticalNegativeOutcome,A hypothetical supposition that something negative would happen if someone were to disclose.,"""Most likely you will just stigmatize yourself and they will assume that you might be unreliable or lazy.
There’s a chance you could be interviewed by a super understanding person, maybe even someone with ADHD. But IMO those people are few and far between.""",
Disclosure_HypotheticalPositiveOutcome,A hypothetical supposition that something positive would happen if someone were to disclose.,"""My company is very open-minded and makes a great effort to talk about mental health stuff, and I was pretty sure my manager wouldn't be the type of person to discriminate against me so I finally told her about my diagnosis during
our last 1-1 meeting. That was pretty hard, I broke down and cried lol.""",
Disclosure_YesActually,The person is talking about a time they have actually disclosed their status.,"""I told everyone in my interviews and I’m
starting my next job next week where they already aware of my ADHD""",
Disclosure_NoActually,The person is talking about not having disclosed in some situation.,"""I have never mentioned it to any employer.""",
MentalHealth,"The flip side of work impacts: how work impacts you. Includes symptoms of different mental health diagnoses, good or bad feelings, etc. This includes complications with sleep, feeling motivated or not motivated, and low or high energy. NOT productivity as that is typically in the WorkImpacts category.",,
MentalHealth_Negative,"Any negative indication of mental health (depression, anxiety, fear, stress, demotivation, burnout, etc.).","""Shifting or unclear deadlines. Honestly, deadlines in general stress me right out.""",
MentalHealth_Positive,"A positive indication of mental health! :D Feeling motivated, energized, fulfilled in life, remarking on improved mental health, happiness, etc.","""Also, I completely agree with the flexibility aspect. It takes a lot of stress out of your workday""",
MentalHealth_Sleep,Someone talking about not getting good sleep/not being able to sleep on a schedule.,"""..stay up until 2am trying to finish it then say screw it and go to bed. Rinse and repeat.""",
MentalHealth_Other,Anything we'd label under MentalHealth that seems to be mixed or just doesn't fit anywhere else.,"""I found over head lighting really over stimulates me""",
MentalHealth_ImposterSyndrome,"Someone remarking that they feel like they don't belong in the position they're in, that everyone else is more capable of them, that they doubt their talents or achievements, or they name-drop imposter syndrome directly. https://en.wikipedia.org/wiki/Impostor_syndrome","""Don't worry about under qualified. Impostor Syndrome is real, even the best programmers suffer from it.""",
OP,"Should be added to any quotation written by the original poster (OP) of a post. Cannot be used alone in a quotation, or alone with SoftwareWorkActivity.",,
PersonalInfo,"Demographic information, including where they live. Includes diagnosis of ADHD or other mental health diagnoses as well as physical health diagnoses. Does not need to be used when it is alone in a comment (unless that comment is made by the OP). Also includes if they are prescribed medication for their ADHD.",,
PersonalInfo_Demographics,"Demographic information such as age, gender, and race.","""I'm 33""",
PersonalInfo_Education,"Mention of some part of their higher education (mentions of going to/currently being in college, bootcamp, high school, etc.). ","""I did really well in university. I had a really strong novelty preference and learning stuff gave me a huge rush.""",
PersonalInfo_HasADHD_No,The person states/implies they do not have ADHD.,,
PersonalInfo_HasADHD_Unsure,The person states/implies they are not sure if they have ADHD. (Or we are not sure that they have ADHD from the text),"""This has been my day-to-day life for the last twenty years or so - never even began to consider ADHD until my son started down the diagnosis path.""",
PersonalInfo_HasADHD_Yes,"The person states/implies that they have ADHD, but do not also talk about their diagnosis (if it exists).","""I'm writing this on all those similar threads here, but have you tried pair programming? It works wonders for me and the other adhd person on my team.""",
PersonalInfo_HasADHD_Yes_Diagnosed,The person was diagnosed by a medical professional with ADHD.,"""I was recently diagnosed with ADHD (would have helped if I was also medicated in school)""",
PersonalInfo_HasADHD_Yes_InDiagnosisProcess,The person is currently being diagnosed for ADHD by a medical professional.,"""I've suspected ADHD for a while now, but was only recently evaluated by a psychologist, who recommended trying medication.""",
PersonalInfo_Location,"Any mention to where the person lives. This is not necessarily where they work, in the case of some remote jobs.","""we‘re located in Germany""",
PersonalInfo_Other,Any other personal information.,"""I’m a later in life career changer too""",
PersonalInfo_OtherDiagnoses,"The person is diagnosed with/has some other condition (e.g., dyslexia, narcolepsy, chronic pain). ","""I'm a 26yo female programmer with Dyspraxia, ADHD, and Ehlers Danlos Syndrome.""",
PersonalInfo_SubstanceUse_NonUser,The person specifically says they do not use some or all substances for some reason.,"""I’m not medicated for my adhd and Dyspraxia""",
PersonalInfo_SubstanceUse_Prescribed,"A mention that person uses substances they were prescribed (e.g., prescription stimulants, SSRIs, etc.), but this usage is not tied to work or coping with work in any way.","""I am taking Concerta at 54mg for ADHD as of a few months ago.""",
PersonalInfo_SubstanceUse_Recreational,"The person uses recreational substances, though not necessarily to cope with anything.","""I've found that many people with undiagnosed ADHD (myself maybe a year ago included) self- mesicate with Nicotine because it has a similar effect to Ritalin and the like. I used to smoke on my lunch break to ""clear up my mind"".",
PersonalInfo_SubstanceUse_SideEffects,Some substance the person uses has negative side effects of some kind.,"""I stopped the Vyvanse because I realized I was
experiencing some side-effects. None of the horribly bad ones, but side effects none the less. My blood pressure had increased, but was managing with other meds.""",
SoftwareWorkActivity,"Cannot be used alone in a quotation, or alone with OP. Includes subsequent quotes that refer to previous software activities mentioned. Also includes the actual content of interviews. If someone is “interviewing,” that should be tagged as WorkInfo because they are looking for a job. Should directly describe or mention the SoftwareWorkActivity, not just a coping mechanism about doing a SoftwareWorkActivity (so like, do not tag SWA this quote: “I gauge the email threads. If there's too much to discuss over email, I request a meeting to have it all laid out.”)",,"Brainstorming
Prototyping
Software Coding
Software Testing
Refactoring
Software Architecture Design
System Integration
Reading Documentation
Writing Documentation
Debugging
Program/Algorithm Design
Data Analysis
Requirements Elicitation 
Quality Assurance (Also known asQ&A or QA testing)
Integration Testing
Program Running / Compiling
Agile / Scrum Meetings
Software Product Team Meetings
Pair Programming
Code Review
Defect/Issue Reporting/Tracking
Product Release / Release Deadline Push
Version Control (GitHub) → push, pull request, branch, merge, fork"
SoftwareWorkActivity_CodeReview,"Looking over and reading code and verifying it for correctness, readability, etc.","""Doing deep work in the afternoons when I feel more booted-up (not a hard and fast rule though, if I
need to get into deep work mode all day, I do it, or if I have additional code review in the afternoon, I do
it)""",
SoftwareWorkActivity_Coding,Actually writing and generating new code in a programming language. ,"""It's too easy to add unneeded complexity because you think you're thinking 10 steps ahead, but by the time you get there you realise you made a bunch of assumptions that just don't hold up. Write the smallest simplest thing that works right now, and delay adding anything until you need it.""",
SoftwareWorkActivity_Debugging,Fixing a problem in a program that has unintended output. ,"""Know that if you didn't have enough sleep, you will not be able to concentrate on fixing bugs. And learn to switch to another task that comes easy to you and doesn't need you to force yourself.""",
SoftwareWorkActivity_Design,Designing how a program will work or look to a user.,"""The main reason I found that remote worked for me is that I can
take the initial steps I need to summarize requirements in a way I can understand""",
SoftwareWorkActivity_Documentation,"Reading or writing documentation about how a program works, how to use it, things that still must be fixed in it, etc.","""Shit documentation makes me actively depressed""",
SoftwareWorkActivity_Interview,"Any part of the interview process for a software job - it includes the technical aspect of the interview (e.g., coding test, etc.)","""I've been getting interviews for jobs but I cant seem to pass timed online assessments. I just never have enough time.""",
SoftwareWorkActivity_Meetings,Meeting with coworkers to discuss work. Includes stand-up unless agile/scrum is explicitly mentioned.,"""I suggested shorter meetings, or having them split up.""",
SoftwareWorkActivity_PairProgramming,"Doing any software work activity with another person at the same workstation, virtually or physically.","""Pair programming works great for me, especially if I'm the one sharing my screen because it forces me to be in the moment and think/code quicky so that I keep the other person engaged and don't waste their time.
But of course it's not always an option since other people have their own tasks to do; I can't just constantly ask other developers to be a rubber duck for me.""",
SoftwareWorkActivity_Refactoring,Restructuring code while retaining its original functionality.,"""To make things worse: often I don‘t even have a good idea about how to refactor something. I mean, yes, I know that I could extract this and that, but then again I get lost in these details and miss
that this has an impact in other places.""",
SoftwareWorkActivity_RequirementsElicitation,Speaking with a client or the recipient of a software product to understand what they want the product to be able to do functionally and what it should look like.,"""In the past I did get some feedback from my manager about going too far  into technical details when talking to non-technical stakeholders...""",
SoftwareWorkActivity_ScrumOrAgile,"Using Scrum or Agile processes in software development. Often called out by name, but also associated with words like ""sprints,"" ""stand-ups,"" etc. It is a framework of software development meant to incrementally, iteratively, and quickly make deadlines for working parts of a project.","""Agile/Jira (by managers who know how to  wield it, not bandwagoners) is actually great for ADHD, it gives you short turnarounds with discrete tasks.""",
SoftwareWorkActivity_Testing,"Testing software to see if it has bugs in it (i.e., running a program to see if it behaves as expected).","""This is my strategy for not letting a 60 sec test suite take 20 minutes of productivity away.""",
SoftwareWorkActivity_VersionControl,"When mentioning GitHub, pushing or pulling code, centralized repositiries etc. If the mention code review, don't do this tag - this is more of a catch all","""Github Actions is still slow.""",
WorkEnvironment,"Any information that describes a job's environment. This can be describing a job that someone had in the past, in contrast to WorkInfo, which is only used for a job that someone currently has. ",,
WorkEnvironment_OfficeType,"When talking about the configuration of an office at someone's work (open office, single cubicles, etc.). ","""Currently, I sit in a cubicle. Environmental noises
distract me.""",
WorkEnvironment_WFH_HybridOrRemote,The job has some work remote.,"""I work from home though, so I've got it pretty easy admittedly.""",
WorkEnvironment_WFH_InPerson,The job is fully in-person.,"""Personally I can't imagine going
back to working in an office, I was so fucking unproductive there, and a lot of it isn't even in your
control there... people are interrupting you all the time.""",
WorkChallenges,"A challenge related to the software developer’s work based on an individual non-standard interaction with the work or non-standard communication with other people. Something that differentiates work challenges from mental health influenced by work activities is a work impact is non-emotional in some way (e.g., communication, more bugs, more distracted because of IDE, etc.). Feedback from other employees or one’s boss does not count as a work challenge, unless they are considering putting them on a PIP or there's more serious backlash. Getting fired because of something related to your performance/not about layoffs goes here. Includes challenges as a result of inefficient coping mechanisms. Expressing discontent/hating activities/[x things sucks] is not necessarily a work challenge.",,
WorkChallenges_ComputerEnvironment,"When talking about if the coding environment impacts their work (e.g., having difficulty with visual search, getting distracted by popups, etc.).","""I second this. May want to get an eye exam and fill what may be a weak prescription for computer glasses. I get headaches if I don't use mine, and have 20/15 vision.""",
WorkChallenges_ConsistentPerformance,"When they have trouble working under prescribed hours (e.g., can work some days and not others) or working for the length of a day (e.g., because of burnout). This also applies when they have trouble working at a specific time of day.","""When I do nothing at you know.. “those” days, nobody cares. You can
be quite invisible in big companies.""",
WorkChallenges_TimeManagement,"When the person struggles with figuring out how to fit tasks in their daily schedule, and struggling with any kind of time management practice (estimating the time something will take, deadlines, procrastination, etc). This also relates to if someone takes on too many tasks, thinking they have the time to do them, but are actually overcommited.","""At work as a software engineer, the lack of structure made me procrastinate until the very last minute.""",
WorkChallenges_Abstraction,"When the person is having difficulty translating between abstractions: e.g., hyperfocused on details or only able to see the big picture. This is also about struggles with organization of tasks, and the structure of tasks.","""For me, it's probably entering a zone while solving something and not getting out of it. I think that limits
the perspective, and sometimes things become complex.""",
WorkChallenges_BoringTasks,When the task is subjectively boring or a slog for someone.,"""But right now I'm translating MATLAB code into python. While informative and in some ways engaging (figuring out how to optimize it as I write it), it can border on tedious.""",
WorkChallenges_BadTask,"If a specific software / job task is bad when you have ADHD, or ADHD is bad for the task. Includes dislikes.","""I do suck at the last step of self review of the code. I think I'll need to knowingly switch context during self review.""",
WorkChallenges_BadFitJob,"When a job is subjectively bad in some way, in terms of how it's structured.","""You are not too dumb to work in an office. They are the most unnatural environment. Find an environment that suits you, and where you will be happy .""",
WorkChallenges_Communication,"When the person struggles to communicate with coworkers, stakeholders, managers, or anyone involved with their work.","""I too struggle with talking with new people/decision makers.""",
WorkChallenges_ContextSwitching,Having trouble switching to a different task and then getting back to what they were doing before (having to take a meeting while being busy with something else and then coming back after the meeting confused),"""As well, be aware that a call in your day very likely will nuke your brain because it’s a hard switch to a different region of your brain.""",
WorkChallenges_Distractions,"Getting distracted at work (browsing social media, notifications, etc)","""Concentrating and stopping myself going on the reddit, youtube , news, Facebook loop is a struggle that leaves me drained and concentrating near impossible.""",
WorkChallenges_ExternalPressure,"Issues with other people putting pressure on them (watching them during an interview). This does not include an interview being timed alone, unless they talk about the pressure put on them.","""I'm not that good with on the fly technical questions, let alone coding under pressure!""",
WorkChallenges_Impulsivity,When someone says or does something without (from their perspective) thinking through what will happen fully.,"""Impulsively diving into tasks without slowing down to think of a process/approach""",*Rarer in our sample.
WorkChallenges_Inertia,"Issues with follow through, completing tasks, motivation, and starting things. Abstraction will take precendence if the person is talking about having difficulty knowing where to start.","""I often hold back from doing things that I want to do because of a reason that _might_ be true but I realize that it often isn’t (or at least it isn’t as bad as I think it will be).""",
WorkChallenges_Hyperfocus,When hyperfocus becomes cumbersome because someone has been too focused on one thing to the expense of their health or productivity on something else.,"""Hyperfocusing on tasks and neglecting important conversations and sometimes eating?? (Bought an Alexa machine to remind me to do things throughout the day)""",
WorkChallenges_HypotheticalOutcome,When someone thinks something bad might happen as a result of a work challenge.,"""I'm worried that even though I really want to WFM I will be far less productive at home.""",
WorkChallenges_JobInsecurity,"When someone's job is threatened by upper management. For example, they may be placed on a PIP or receive especially difficult feedback from their boss that suggests that they may lose their job, or they get fired due to what seems like ADHD symptoms (this would be an outcome).","""I worry about my job security as a result of these mandatory changes. I need to be in the office where I'm accountable for my work.""",
WorkChallenges_Memory,"Issues with memory, forgetting, mind going blank","""I also leave super detailed notes in JIRAs and pull requests, because it's easy to forget the details 6 months later when the code actually gets used. Most of my coworkers love it because they don't have to spend a ton of time grocking what the code is doing.""",
WorkChallenges_Other,"Any other thing that someone struggles with at work. Look out for impulsivity or other hyperactive symptoms (not being able to sit still, e.g.). We will also put negative hyperfocus tunnels here.",,
WorkChallenges_Outcome,"An outcome related to a work challenge (getting fired, being unproductive, etc). Must be a consequence to work, not to mental health.","""...the main problem is he'll get into hyperfocus in the late night work session and will often end up working really early into the morning and then not get enough sleep.""",
WorkChallenges_WaitingForThings,Waiting for a work process to complete (ex: compilation),"""I also hit this problem fairly often. I try to use compile time to think about what I need to do next - try
to anticipate bugs that might pop up in a minute, or read documentation. Things that will speed me up later.""",
WorkChallenges_Workaholic,"When someone overworks (maybe to compensate for other challenges at work, or because they're invested in the work), to the expense of their health, productivity, or quality of work. May be related to hyperfocus in some cases.","""My fiancé sometimes catches me sneaking some work in late at night. Work can be really addictive.""",
WorkStrengths,"These include the attributes of someone that they view make them better able to perform well in a workplace. This includes strengths of tasks, environments, or jobs for people with ADHD.",,
WorkStrengths_BreadthOfKnowledge,"When someone is skilled at multiple different kinds of tasks at work, or considers themselves a ""jack of all trades.""","""My many million mini interest of things makes me a jack of all trades and so I understand a lot of the  field and can understand the significance and context of the work we are doing. Important for motivating  team and helping them understand why and how their task fits into big picture""",
WorkStrengths_Creativity,When someone views themselves as especially creative.,"""\- Ability to think outside the box""",
WorkStrengths_CrisisManagement,When someone views themselves as especially good in emergencies or in challenging situations.,"""I actually get better as the situation gets worse. It’s the reason why I always get promoted to manager/director.""",
WorkStrengths_Communication,"When communication, or some type of communication (e.g., email, asynchronous) is viewed as a strength","""Also, there are plenty
of articles out there that explain the perks of asynchronous vs synchronous communication and I agree with many of them, but I'm not here to further discuss why asynchronous is better and more suitable for someone like me.""",
WorkStrengths_Environment,When the physical environment for work is set up in a way that is harmonious with a commenter's work style or highlights their strengths.,"""With a nice floor plan, a separat D kitchen and sitting area I could not see form my desk, desks having a few divider walls and storage space behind them.
Albeit I have the same problems, that worked surprisingly well. On the one side because the office was not too busy, most people stayed at their desks or just went to the designated area for chatting.""",
WorkStrengths_GoodFitJob,"When a job is subjectively good in some way, in terms of how it's structured.","""I feel like I can adapt my work to my ADHD instead of contorting myself to please arbitrary school standards.""",
WorkStengths_GoodTask,"If a specific software / job task is good when you have ADHD, or ADHD is good for the task. Includes preferences.","""Getting something done before standup is that urgency for me. My standup is in the morning, so I actually work earlier than I'd normally dream just so I have a deadline.""",
WorkStrengths_HighLevelUnderstanding,When someone has a good full/abstract understanding of how a system or group works (often in a leadership way).,"""I try to be the one running meetings whenever possible, which forces me to stay engaged. I find I’m pretty good at keeping things on track after years of learning to rein in my own wandering mind.""",
WorkStrengths_Hyperfocus,"When someone remarks on being able to work for something for a long period of time in an exceptional way, especially if they mention hyperfocus in particular.","""If the employer can't handle these low productivity days, they don't deserve the hyperfocus ""I did more than the rest of my team combined"" days.""",
WorkStrengths_Novelty,When someone uses the novelty of or interest in something as a motivator.,"""I actually find new challeging tasks to be more pleasant than repetitive ones.""",
WorkStrengths_Other,Any other strength someone perceive they have at work as compared to other people. This also includes working well with emergencies.,"""I've found that I perform well when there are immediate and tangible consequences from someone other than  myself.""",
WorkStrengths_Outcome,"When there is some tangible positive outcome at work (better communication between two software teams, a greater code output, higher code quality, etc.). ","""I know plenty of ADHDers that go above and beyond in the workplace, taking on way more than they can handle (me included), and outperforming their neurotypical counterparts.""",
WorkStrengths_SocialContract,"When the presence of other people is conducive to software work (not with direct help or communication, but in a teamwork or coworking way). This is linked to the body doubling strategy, in that body doubling is a specific way to construct this environment.","""I've found that I perform well when there are immediate and tangible consequences from someone other than  myself.""",
WorkStrengths_TimeOfDay,When someone works especially well at a specific time of day.,"""We love to work at night and on the weekend, because this is the only time we can work fully concentrated.""",
WorkInfo,"Includes anything to do with their current (real, not hypothetical) work. This includes simple information about the poster’s job, whether they’re employed, whether or not they work from home, years of experience, etc. Does not include long paragraphs about how the company works or what kind of pull requests they work on. Does not need to be used when it is alone in a comment (unless that comment is made by the OP). Job location is included here.",,"Job Types:
Software Engineer
Software Developer
Programmer
Developer
Web Developer
Front End Developer
Back End Developer
Full Stack Developer
Systems Engineer
Database Administrator
System Administrator
Cyber Security Specialist"
WorkInfo_Company_Industry,Content relating to the industry that a software development job is in.,"""I'm also in the software engineer world (embedded systems EE)""",
WorkInfo_Company_Size,"Content relating to how many people work at a company (e.g., ""FAANG,"" ""small start-up,"" etc.).","""I work for a small development firm.""",
WorkInfo_Employed,"The person currently has a job, but it is unclear whether or not they are a professional programmer by what they're saying.","""My own small online business""",
WorkInfo_Fired,The person was fired.,"""I was fired from my first programming gig in November after about 18 months because I was not productive enough and made too many mistakes.""",
WorkInfo_Internship,Content relating to an internship.,"""i might have an internship lined up and im scared of it""",
WorkInfo_Interviewing,The person was in the interviewing process.,"""trying to motivate myself to apply to other jobs and keep at it .. I only had 1 interview on Monday.""",
WorkInfo_JobOffer,"The person has received a job offer for a job that they will work at in the near future, though they're not at the job yet.","""When I interviewed at my job I'm  starting after I graduate in May...""",
WorkInfo_JobSearch,The person is currently searching for another job.,"""I have like management barely but just staying happy is a struggle and makes everything else harder. Especially as my savings are slowly drained as I'm trying to find a job lol.""",
WorkInfo_LaidOff,The person was laid off.,"""I got laid off work 2 months ago""",
WorkInfo_LeftOrResigned,The person is currently unemployed due to leaving/resigning from their most recent job.,"""Leaving Current Job After Four Years""",
WorkInfo_Location,"Where the person's job or clients are located, rather than where they live. This distinction can be necessary for remote jobs (see PersonalInfo_Location).","""...my company is in Eastern Time zone, our Primary client is west coast""",
WorkInfo_ProfessionalProgrammer,"The person is currently a professional programmer (i.e., their job heavily requires developing software).","""I'm a software engineer at a large bank for 3 years now""",
WorkInfo_Unemployed,"The person does not currently have a job and is not looking for a software-related job, and it is unclear what their most recent job was.","""2 months unemployed and depressed because of what you mentioned""",
WorkInfo_YOE,A mention of someone's years of professional experience in software development.,"""4.5 years of experience""",
Legality,When the law or company regulation is brought up as an influencing factor for something.,"""Practice your rights if you’re in the US & ask for workplace accomodations - how to adhd ok YouTube has a great video about the rules around this.""",
SoftwareSpecific,"Whenever something of Adhd perceptions, work impacts, work environment, or any quote is software-specific, but not necessarily referring to a certain software task (e.g., mention of a programming tool). Don't use if it is also tagged with SoftwareWorkActivity","""Any JetBrains IDE + Fullscreen + Distraction-Free mode = godsend""",
InterestingQuote,"Whenever you subjectively find something interesting or find that something brings you a new insight, tag this so we can look at it later and maybe put it into the paper! InterestingQuote should also be used when leaving a quote at the top level, but you think that it will be useful for analysis or in the paper some way. ",,
SPLIT,Replacement for QUOTATION SPLIT memo to keep track of when someone splits a quote up into two quotes that was previously one when annotating.,,
MERGE,Keeps track of when someone merges two quotes into one when annotating.,,